<?xml version="1.0" encoding="UTF-8"?>
<!--  This file conforms to the DTD xdc/bld/build.dtd -->
<package name="configuro" version="" producerId="undefined">
    <units>
    </units>
    <sources>
        <srcFile name="package/cfg/Dsp_pe674.c"/>
    </sources>
    <configscripts>
        <srcFile name="/home/user/ti-ezsdk_dm816x-evm_5_05_01_04/component-sources/syslink_2_20_00_14/examples/ex04_dsp_math/dsp/Dsp.cfg"/>
    </configscripts>
    <makefiles>
        <srcFile name="package.mak" src="package.bld"/>
        <srcFile name="package/package.xdc.dep" src="package.xdc"/>
        <srcFile name="package/cfg/Dsp_pe674.mak" src="package.bld"/>
        <srcFile name="package/cfg/Dsp_pe674.oe674.dep" src="package/cfg/Dsp_pe674.c"/>
        <srcFile name="package/cfg/Dsp_pe674.dep" src="package/cfg/Dsp_pe674.cfg"/>
        <srcFile name="package/cfg/Dsp.xe674.mak" src="package.bld"/>
        <srcFile name="package/rel/configuro.tar.dep" src="package/rel/configuro.xdc.inc"/>
    </makefiles>
    <targets>
        <target name="ti.targets.elf.C674"
            version="ti.targets.elf.C674{1,0,7.3,1"
            platform="ti.platforms.evmDA830"
            isa="674"
            suffix="e674"
            rootDir="/home/user/ti-ezsdk_dm816x-evm_5_05_01_04/dsp-devkit/cgt6x_7_3_1"
            os="undefined"
            rts="ti.targets.rts6000">
            <model endian="little"
                codeModel="undefined"
                dataModel="undefined"/>
        </target>
    </targets>
    <libraries>
    </libraries>
    <configurations>
    <configuration name="Dsp"
        pname="Dsp.pe674"
        target="ti.targets.elf.C674"
        platform="ti.platforms.evmTI816X:dsp"
        profile="release"
        isPartial="false"
        xCfgScript="package/cfg/Dsp_pe674.cfg"
        xCfgPrefix="package/cfg/Dsp_pe674"
        cfgScript="/home/user/ti-ezsdk_dm816x-evm_5_05_01_04/component-sources/syslink_2_20_00_14/examples/ex04_dsp_math/dsp/Dsp.cfg"
        cfgArgs="null"
        />
    </configurations>
    <executables>
    <executable name="Dsp"
        pname="Dsp.xe674"
        target="ti.targets.elf.C674"
        platform="ti.platforms.evmTI816X:dsp"
        profile="release"
        xCfgScript="package/cfg/Dsp_pe674.cfg"
        xCfgPrefix="package/cfg/Dsp_pe674"
        cfgScript="/home/user/ti-ezsdk_dm816x-evm_5_05_01_04/component-sources/syslink_2_20_00_14/examples/ex04_dsp_math/dsp/Dsp.cfg"
        cfgArgs="null"
        />
    </executables>
    <tests>
    <test exeName="Dsp.xe674"
        args=""
        groupName="Dsp.xe674"
        refOutput="undefined"
        refExitCode="0"
        execArgs=""
        />
    </tests>
    <releases relDir="package/rel/">
    <release name="configuro"
        pname="configuro.tar"
        label="default"
    >
        <file name="package/package.bld.xml"/>
        <file name="package/package.ext.xml"/>
        <file name="package/package.rel.dot"/>
        <file name="package/build.cfg"/>
        <file name="package/package.xdc.inc"/>
    </release>
    </releases>
    <repositories>
    </repositories>
</package>
