<xdc.runtime.Types.RtaDecoderData>
  <targetName>ti.targets.elf.C674</targetName>
  <binaryParser>ti.targets.omf.elf.Elf32</binaryParser>
  <endian>little</endian>
  <bitsPerChar>8</bitsPerChar>
  <argSize>4</argSize>
  <eventSize>48</eventSize>
  <dataTransportClassName>undefined</dataTransportClassName>
  <controlTransportClassName>undefined</controlTransportClassName>
  <loggers-length>1</loggers-length>
  <loggers>
    <name>AppLog_Core1</name>
    <type>xdc.runtime.LoggerBuf</type>
    <metaArgs>
      <bufferSymbol>xdc_runtime_LoggerBuf_Instance_State_0_entryArr__A</bufferSymbol>
      <bufferSize>4096</bufferSize>
    </metaArgs>
  </loggers>
  <modMap-length>65</modMap-length>
  <modMap key="xdc.runtime.Assert">
    <id>32770</id>
    <logger>null</logger>
    <diagsMask>0000000000000000</diagsMask>
  </modMap>
  <modMap key="xdc.runtime.Core">
    <id>32771</id>
    <logger>null</logger>
    <diagsMask>0000000000000000</diagsMask>
  </modMap>
  <modMap key="xdc.runtime.Defaults">
    <id>32772</id>
    <logger>AppLog_Core1</logger>
    <diagsMask>0000030000000000</diagsMask>
  </modMap>
  <modMap key="xdc.runtime.Diags">
    <id>32773</id>
    <logger>null</logger>
    <diagsMask>0000000000000000</diagsMask>
  </modMap>
  <modMap key="xdc.runtime.Error">
    <id>32774</id>
    <logger>AppLog_Core1</logger>
    <diagsMask>0000030000000000</diagsMask>
  </modMap>
  <modMap key="xdc.runtime.Gate">
    <id>32775</id>
    <logger>null</logger>
    <diagsMask>0000000000000000</diagsMask>
  </modMap>
  <modMap key="xdc.runtime.GateNull">
    <id>32776</id>
    <logger>null</logger>
    <diagsMask>0000000000000000</diagsMask>
  </modMap>
  <modMap key="xdc.runtime.Log">
    <id>32777</id>
    <logger>null</logger>
    <diagsMask>0000000000000000</diagsMask>
  </modMap>
  <modMap key="xdc.runtime.LoggerBuf">
    <id>32778</id>
    <logger>null</logger>
    <diagsMask>0000000000000000</diagsMask>
  </modMap>
  <modMap key="xdc.runtime.Main">
    <id>32779</id>
    <logger>AppLog_Core1</logger>
    <diagsMask>3300030000000030</diagsMask>
  </modMap>
  <modMap key="xdc.runtime.Memory">
    <id>32780</id>
    <logger>null</logger>
    <diagsMask>0000000000000000</diagsMask>
  </modMap>
  <modMap key="xdc.runtime.Registry">
    <id>32781</id>
    <logger>AppLog_Core1</logger>
    <diagsMask>2200030020000020</diagsMask>
  </modMap>
  <modMap key="xdc.runtime.Startup">
    <id>32782</id>
    <logger>null</logger>
    <diagsMask>0000000000000000</diagsMask>
  </modMap>
  <modMap key="xdc.runtime.System">
    <id>32783</id>
    <logger>null</logger>
    <diagsMask>0000000000000000</diagsMask>
  </modMap>
  <modMap key="xdc.runtime.SysMin">
    <id>32784</id>
    <logger>null</logger>
    <diagsMask>0000000000000000</diagsMask>
  </modMap>
  <modMap key="xdc.runtime.Text">
    <id>32785</id>
    <logger>null</logger>
    <diagsMask>0000000000000000</diagsMask>
  </modMap>
  <modMap key="xdc.runtime.Timestamp">
    <id>32786</id>
    <logger>null</logger>
    <diagsMask>0000000000000000</diagsMask>
  </modMap>
  <modMap key="ti.sysbios.family.c64p.Exception">
    <id>32790</id>
    <logger>AppLog_Core1</logger>
    <diagsMask>0000030010000000</diagsMask>
  </modMap>
  <modMap key="ti.sysbios.family.c64p.Hwi">
    <id>32791</id>
    <logger>AppLog_Core1</logger>
    <diagsMask>0000030000000000</diagsMask>
  </modMap>
  <modMap key="ti.sysbios.family.c64p.TimestampProvider">
    <id>32792</id>
    <logger>AppLog_Core1</logger>
    <diagsMask>0000000000000000</diagsMask>
  </modMap>
  <modMap key="ti.sysbios.family.c64p.Cache">
    <id>32793</id>
    <logger>AppLog_Core1</logger>
    <diagsMask>0000030000000000</diagsMask>
  </modMap>
  <modMap key="ti.sysbios.hal.Hwi">
    <id>32795</id>
    <logger>AppLog_Core1</logger>
    <diagsMask>0000030000000000</diagsMask>
  </modMap>
  <modMap key="ti.sysbios.hal.Timer">
    <id>32796</id>
    <logger>AppLog_Core1</logger>
    <diagsMask>0000030000000000</diagsMask>
  </modMap>
  <modMap key="ti.sysbios.hal.Cache">
    <id>32797</id>
    <logger>AppLog_Core1</logger>
    <diagsMask>0000030000000000</diagsMask>
  </modMap>
  <modMap key="ti.sysbios.knl.Clock">
    <id>32799</id>
    <logger>AppLog_Core1</logger>
    <diagsMask>0000030000000000</diagsMask>
  </modMap>
  <modMap key="ti.sysbios.knl.Idle">
    <id>32800</id>
    <logger>AppLog_Core1</logger>
    <diagsMask>0000030000000000</diagsMask>
  </modMap>
  <modMap key="ti.sysbios.knl.Intrinsics">
    <id>32801</id>
    <logger>AppLog_Core1</logger>
    <diagsMask>0000030000000000</diagsMask>
  </modMap>
  <modMap key="ti.sysbios.knl.Queue">
    <id>32802</id>
    <logger>AppLog_Core1</logger>
    <diagsMask>0000030000000000</diagsMask>
  </modMap>
  <modMap key="ti.sysbios.knl.Semaphore">
    <id>32803</id>
    <logger>AppLog_Core1</logger>
    <diagsMask>0000030000000000</diagsMask>
  </modMap>
  <modMap key="ti.sysbios.knl.Swi">
    <id>32804</id>
    <logger>AppLog_Core1</logger>
    <diagsMask>0000030000000000</diagsMask>
  </modMap>
  <modMap key="ti.sysbios.knl.Task">
    <id>32805</id>
    <logger>AppLog_Core1</logger>
    <diagsMask>0000030000000000</diagsMask>
  </modMap>
  <modMap key="ti.sysbios.gates.GateHwi">
    <id>32807</id>
    <logger>AppLog_Core1</logger>
    <diagsMask>0000030000000000</diagsMask>
  </modMap>
  <modMap key="ti.sysbios.gates.GateAll">
    <id>32808</id>
    <logger>AppLog_Core1</logger>
    <diagsMask>0000030000000000</diagsMask>
  </modMap>
  <modMap key="ti.sysbios.gates.GateSwi">
    <id>32809</id>
    <logger>AppLog_Core1</logger>
    <diagsMask>0000030000000000</diagsMask>
  </modMap>
  <modMap key="ti.sysbios.gates.GateMutexPri">
    <id>32810</id>
    <logger>AppLog_Core1</logger>
    <diagsMask>0000030000000000</diagsMask>
  </modMap>
  <modMap key="ti.sysbios.gates.GateMutex">
    <id>32811</id>
    <logger>AppLog_Core1</logger>
    <diagsMask>0000030000000000</diagsMask>
  </modMap>
  <modMap key="ti.sysbios.BIOS">
    <id>32812</id>
    <logger>AppLog_Core1</logger>
    <diagsMask>0000030000000000</diagsMask>
  </modMap>
  <modMap key="xdc.runtime.knl.GateThread">
    <id>32814</id>
    <logger>AppLog_Core1</logger>
    <diagsMask>0000030000000000</diagsMask>
  </modMap>
  <modMap key="ti.sdo.utils.NameServer">
    <id>32817</id>
    <logger>AppLog_Core1</logger>
    <diagsMask>0000030000000000</diagsMask>
  </modMap>
  <modMap key="ti.sdo.utils.NameServerRemoteNull">
    <id>32818</id>
    <logger>AppLog_Core1</logger>
    <diagsMask>0000030000000000</diagsMask>
  </modMap>
  <modMap key="ti.sdo.utils.MultiProc">
    <id>32819</id>
    <logger>AppLog_Core1</logger>
    <diagsMask>0000030000000000</diagsMask>
  </modMap>
  <modMap key="ti.sdo.utils.List">
    <id>32820</id>
    <logger>AppLog_Core1</logger>
    <diagsMask>0000030000000000</diagsMask>
  </modMap>
  <modMap key="ti.sysbios.syncs.SyncSem">
    <id>32822</id>
    <logger>AppLog_Core1</logger>
    <diagsMask>0000030000000000</diagsMask>
  </modMap>
  <modMap key="ti.sdo.ipc.GateMP">
    <id>32824</id>
    <logger>AppLog_Core1</logger>
    <diagsMask>0000030000000000</diagsMask>
  </modMap>
  <modMap key="ti.sdo.ipc.MessageQ">
    <id>32825</id>
    <logger>AppLog_Core1</logger>
    <diagsMask>0000030000000000</diagsMask>
  </modMap>
  <modMap key="ti.sdo.ipc.SharedRegion">
    <id>32826</id>
    <logger>AppLog_Core1</logger>
    <diagsMask>0000030000000000</diagsMask>
  </modMap>
  <modMap key="ti.sdo.ipc.ListMP">
    <id>32827</id>
    <logger>AppLog_Core1</logger>
    <diagsMask>0000030000000000</diagsMask>
  </modMap>
  <modMap key="ti.sdo.ipc.Ipc">
    <id>32828</id>
    <logger>AppLog_Core1</logger>
    <diagsMask>0000030000000000</diagsMask>
  </modMap>
  <modMap key="ti.sdo.ipc.Notify">
    <id>32829</id>
    <logger>AppLog_Core1</logger>
    <diagsMask>0000030000000000</diagsMask>
  </modMap>
  <modMap key="ti.sysbios.heaps.HeapMem">
    <id>32831</id>
    <logger>AppLog_Core1</logger>
    <diagsMask>0000030000000000</diagsMask>
  </modMap>
  <modMap key="ti.sysbios.xdcruntime.GateThreadSupport">
    <id>32833</id>
    <logger>AppLog_Core1</logger>
    <diagsMask>0000030000000000</diagsMask>
  </modMap>
  <modMap key="ti.sysbios.family.c62.TaskSupport">
    <id>32835</id>
    <logger>AppLog_Core1</logger>
    <diagsMask>0000030000000000</diagsMask>
  </modMap>
  <modMap key="ti.sysbios.family.c62.IntrinsicsSupport">
    <id>32836</id>
    <logger>AppLog_Core1</logger>
    <diagsMask>0000030000000000</diagsMask>
  </modMap>
  <modMap key="ti.sysbios.timers.dmtimer.Timer">
    <id>32839</id>
    <logger>AppLog_Core1</logger>
    <diagsMask>0000030000000000</diagsMask>
  </modMap>
  <modMap key="ti.sysbios.family.c64p.ti81xx.TimerSupport">
    <id>32841</id>
    <logger>AppLog_Core1</logger>
    <diagsMask>0000030000000000</diagsMask>
  </modMap>
  <modMap key="ti.sdo.ipc.notifyDrivers.NotifyDriverShm">
    <id>32843</id>
    <logger>AppLog_Core1</logger>
    <diagsMask>0000030000000000</diagsMask>
  </modMap>
  <modMap key="ti.sdo.ipc.family.ti81xx.NotifySetup">
    <id>32846</id>
    <logger>AppLog_Core1</logger>
    <diagsMask>0000030000000000</diagsMask>
  </modMap>
  <modMap key="ti.sdo.ipc.family.ti81xx.InterruptDsp">
    <id>32847</id>
    <logger>AppLog_Core1</logger>
    <diagsMask>0000030000000000</diagsMask>
  </modMap>
  <modMap key="ti.sdo.ipc.transports.TransportShm">
    <id>32849</id>
    <logger>AppLog_Core1</logger>
    <diagsMask>0000030000000000</diagsMask>
  </modMap>
  <modMap key="ti.sdo.ipc.transports.TransportShmSetup">
    <id>32850</id>
    <logger>AppLog_Core1</logger>
    <diagsMask>0000030000000000</diagsMask>
  </modMap>
  <modMap key="ti.sdo.ipc.nsremote.NameServerRemoteNotify">
    <id>32852</id>
    <logger>AppLog_Core1</logger>
    <diagsMask>0000030000000000</diagsMask>
  </modMap>
  <modMap key="ti.sdo.ipc.gates.GateHWSpinlock">
    <id>32854</id>
    <logger>AppLog_Core1</logger>
    <diagsMask>0000030000000000</diagsMask>
  </modMap>
  <modMap key="ti.sdo.ipc.gates.GatePeterson">
    <id>32855</id>
    <logger>AppLog_Core1</logger>
    <diagsMask>0000030000000000</diagsMask>
  </modMap>
  <modMap key="ti.sdo.ipc.gates.GateMPSupportNull">
    <id>32856</id>
    <logger>AppLog_Core1</logger>
    <diagsMask>0000030000000000</diagsMask>
  </modMap>
  <modMap key="ti.sdo.ipc.heaps.HeapMemMP">
    <id>32858</id>
    <logger>AppLog_Core1</logger>
    <diagsMask>0000030000000000</diagsMask>
  </modMap>
  <evtMap-length>66</evtMap-length>
  <evtMap key="xdc.runtime.Log.L_construct">
    <id>7094</id>
    <msg>%3C--+construct%3A+%25p%28%27%25s%27%29</msg>
  </evtMap>
  <evtMap key="xdc.runtime.Log.L_create">
    <id>7118</id>
    <msg>%3C--+create%3A+%25p%28%27%25s%27%29</msg>
  </evtMap>
  <evtMap key="xdc.runtime.Log.L_destruct">
    <id>7139</id>
    <msg>--%3E+destruct%3A+%28%25p%29</msg>
  </evtMap>
  <evtMap key="xdc.runtime.Log.L_delete">
    <id>7158</id>
    <msg>--%3E+delete%3A+%28%25p%29</msg>
  </evtMap>
  <evtMap key="xdc.runtime.Log.L_error">
    <id>7175</id>
    <msg>ERROR%3A+%25%24F%25%24S</msg>
  </evtMap>
  <evtMap key="xdc.runtime.Log.L_warning">
    <id>7189</id>
    <msg>WARNING%3A+%25%24F%25%24S</msg>
  </evtMap>
  <evtMap key="xdc.runtime.Log.L_info">
    <id>7205</id>
    <msg>%25%24F%25%24S</msg>
  </evtMap>
  <evtMap key="xdc.runtime.Log.L_start">
    <id>7212</id>
    <msg>Start%3A+%25%24S</msg>
  </evtMap>
  <evtMap key="xdc.runtime.Log.L_stop">
    <id>7223</id>
    <msg>Stop%3A+%25%24S</msg>
  </evtMap>
  <evtMap key="xdc.runtime.Log.L_startInstance">
    <id>7233</id>
    <msg>StartInstance%3A+%25%24S</msg>
  </evtMap>
  <evtMap key="xdc.runtime.Log.L_stopInstance">
    <id>7252</id>
    <msg>StopInstance%3A+%25%24S</msg>
  </evtMap>
  <evtMap key="xdc.runtime.Registry.addModule$ENTRY">
    <id>7270</id>
    <msg>--%3E+addModule%3A+%28%25p%2C+%22%25s%22%29</msg>
  </evtMap>
  <evtMap key="xdc.runtime.Registry.addModule$EXIT">
    <id>7296</id>
    <msg>%3C--+addModule%3A+%25d</msg>
  </evtMap>
  <evtMap key="xdc.runtime.Registry.findByName$ENTRY">
    <id>7314</id>
    <msg>--%3E+findByName%3A+%28%22%25s%22%29</msg>
  </evtMap>
  <evtMap key="xdc.runtime.Registry.findByName$EXIT">
    <id>7337</id>
    <msg>%3C--+findByName%3A+%25p</msg>
  </evtMap>
  <evtMap key="xdc.runtime.Registry.findByNamePattern$ENTRY">
    <id>7356</id>
    <msg>--%3E+findByNamePattern%3A+%28%22%25s%22%2C+%25d%2C+%25p%29</msg>
  </evtMap>
  <evtMap key="xdc.runtime.Registry.findByNamePattern$EXIT">
    <id>7394</id>
    <msg>%3C--+findByNamePattern%3A+%25p</msg>
  </evtMap>
  <evtMap key="xdc.runtime.Registry.findById$ENTRY">
    <id>7420</id>
    <msg>--%3E+findById%3A+%28%25d%29</msg>
  </evtMap>
  <evtMap key="xdc.runtime.Registry.findById$EXIT">
    <id>7439</id>
    <msg>%3C--+findById%3A+%25p</msg>
  </evtMap>
  <evtMap key="xdc.runtime.Registry.getMask$ENTRY">
    <id>7456</id>
    <msg>--%3E+getMask%3A+%28%22%25s%22%2C+%25p%29</msg>
  </evtMap>
  <evtMap key="xdc.runtime.Registry.getMask$EXIT">
    <id>7480</id>
    <msg>%3C--+getMask%3A+%25d</msg>
  </evtMap>
  <evtMap key="xdc.runtime.Registry.isMember$ENTRY">
    <id>7496</id>
    <msg>--%3E+isMember%3A+%28%25d%29</msg>
  </evtMap>
  <evtMap key="xdc.runtime.Registry.isMember$EXIT">
    <id>7515</id>
    <msg>%3C--+isMember%3A+%25d</msg>
  </evtMap>
  <evtMap key="xdc.runtime.Registry.getNextModule$ENTRY">
    <id>7532</id>
    <msg>--%3E+getNextModule%3A+%28%25p%29</msg>
  </evtMap>
  <evtMap key="xdc.runtime.Registry.getNextModule$EXIT">
    <id>7556</id>
    <msg>%3C--+getNextModule%3A+%25p</msg>
  </evtMap>
  <evtMap key="xdc.runtime.Registry.getModuleName$ENTRY">
    <id>7578</id>
    <msg>--%3E+getModuleName%3A+%28%25p%29</msg>
  </evtMap>
  <evtMap key="xdc.runtime.Registry.getModuleName$EXIT">
    <id>7602</id>
    <msg>%3C--+getModuleName%3A+%22%25s%22</msg>
  </evtMap>
  <evtMap key="xdc.runtime.Registry.getModuleId$ENTRY">
    <id>7626</id>
    <msg>--%3E+getModuleId%3A+%28%25p%29</msg>
  </evtMap>
  <evtMap key="xdc.runtime.Registry.getModuleId$EXIT">
    <id>7648</id>
    <msg>%3C--+getModuleId%3A+%25d</msg>
  </evtMap>
  <evtMap key="ti.sysbios.family.c64p.Hwi.LM_begin">
    <id>7668</id>
    <msg>LM_begin%3A+hwi%3A+0x%25x%2C+func%3A+0x%25x%2C+preThread%3A+%25d%2C+intNum%3A+%25d%2C+irp%3A+0x%25x</msg>
  </evtMap>
  <evtMap key="ti.sysbios.family.c64p.Hwi.LD_end">
    <id>7738</id>
    <msg>LD_end%3A+hwi%3A+0x%25x</msg>
  </evtMap>
  <evtMap key="ti.sysbios.knl.Clock.LW_delayed">
    <id>7756</id>
    <msg>LW_delayed%3A+delay%3A+%25d</msg>
  </evtMap>
  <evtMap key="ti.sysbios.knl.Clock.LM_tick">
    <id>7778</id>
    <msg>LM_tick%3A+tick%3A+%25d</msg>
  </evtMap>
  <evtMap key="ti.sysbios.knl.Clock.LM_begin">
    <id>7796</id>
    <msg>LM_begin%3A+clk%3A+0x%25x%2C+func%3A+0x%25x</msg>
  </evtMap>
  <evtMap key="ti.sysbios.knl.Semaphore.LM_post">
    <id>7828</id>
    <msg>LM_post%3A+sem%3A+0x%25x%2C+count%3A+%25d</msg>
  </evtMap>
  <evtMap key="ti.sysbios.knl.Semaphore.LM_pend">
    <id>7858</id>
    <msg>LM_pend%3A+sem%3A+0x%25x%2C+count%3A+%25d%2C+timeout%3A+%25d</msg>
  </evtMap>
  <evtMap key="ti.sysbios.knl.Swi.LM_begin">
    <id>7901</id>
    <msg>LM_begin%3A+swi%3A+0x%25x%2C+func%3A+0x%25x%2C+preThread%3A+%25d</msg>
  </evtMap>
  <evtMap key="ti.sysbios.knl.Swi.LD_end">
    <id>7948</id>
    <msg>LD_end%3A+swi%3A+0x%25x</msg>
  </evtMap>
  <evtMap key="ti.sysbios.knl.Swi.LM_post">
    <id>7966</id>
    <msg>LM_post%3A+swi%3A+0x%25x%2C+func%3A+0x%25x%2C+pri%3A+%25d</msg>
  </evtMap>
  <evtMap key="ti.sysbios.knl.Task.LM_switch">
    <id>8006</id>
    <msg>LM_switch%3A+oldtsk%3A+0x%25x%2C+oldfunc%3A+0x%25x%2C+newtsk%3A+0x%25x%2C+newfunc%3A+0x%25x</msg>
  </evtMap>
  <evtMap key="ti.sysbios.knl.Task.LM_sleep">
    <id>8074</id>
    <msg>LM_sleep%3A+tsk%3A+0x%25x%2C+func%3A+0x%25x%2C+timeout%3A+%25d</msg>
  </evtMap>
  <evtMap key="ti.sysbios.knl.Task.LD_ready">
    <id>8119</id>
    <msg>LD_ready%3A+tsk%3A+0x%25x%2C+func%3A+0x%25x%2C+pri%3A+%25d</msg>
  </evtMap>
  <evtMap key="ti.sysbios.knl.Task.LD_block">
    <id>8160</id>
    <msg>LD_block%3A+tsk%3A+0x%25x%2C+func%3A+0x%25x</msg>
  </evtMap>
  <evtMap key="ti.sysbios.knl.Task.LM_yield">
    <id>8192</id>
    <msg>LM_yield%3A+tsk%3A+0x%25x%2C+func%3A+0x%25x%2C+currThread%3A+%25d</msg>
  </evtMap>
  <evtMap key="ti.sysbios.knl.Task.LM_setPri">
    <id>8240</id>
    <msg>LM_setPri%3A+tsk%3A+0x%25x%2C+func%3A+0x%25x%2C+oldPri%3A+%25d%2C+newPri+%25d</msg>
  </evtMap>
  <evtMap key="ti.sysbios.knl.Task.LD_exit">
    <id>8296</id>
    <msg>LD_exit%3A+tsk%3A+0x%25x%2C+func%3A+0x%25x</msg>
  </evtMap>
  <evtMap key="ti.sdo.ipc.GateMP.LM_enter">
    <id>8327</id>
    <msg>LM_enter%3A+Gate+%28remoteGate+%3D+%25d%2C+resourceId+%3D+%25d%29+entered%2C+returning+key+%3D+%25d</msg>
  </evtMap>
  <evtMap key="ti.sdo.ipc.GateMP.LM_leave">
    <id>8405</id>
    <msg>LM_leave%3A+Gate+%28remoteGate+%3D+%25d%2C+resourceId+%3D+%25d%29+left+using+key+%3D+%25d</msg>
  </evtMap>
  <evtMap key="ti.sdo.ipc.GateMP.LM_create">
    <id>8475</id>
    <msg>LM_create%3A+Gate+%28remoteGate+%3D+%25d%2C+resourceId+%3D+%25d%29+created</msg>
  </evtMap>
  <evtMap key="ti.sdo.ipc.GateMP.LM_open">
    <id>8534</id>
    <msg>LM_open%3A+Remote+gate+%28remoteGate+%3D+%25d%2C+resourceId+%3D+%25d%29+opened</msg>
  </evtMap>
  <evtMap key="ti.sdo.ipc.GateMP.LM_delete">
    <id>8597</id>
    <msg>LM_delete%3A+Gate+%28remoteGate+%3D+%25d%2C+resourceId+%3D+%25d%29+deleted</msg>
  </evtMap>
  <evtMap key="ti.sdo.ipc.GateMP.LM_close">
    <id>8656</id>
    <msg>LM_close%3A+Gate+%28remoteGate+%3D+%25d%2C+resourceId+%3D+%25d%29+closed</msg>
  </evtMap>
  <evtMap key="ti.sdo.ipc.MessageQ.LM_setTrace">
    <id>8713</id>
    <msg>LM_setTrace%3A+Message+0x%25x+%28seqNum+%3D+%25d%2C+srcProc+%3D+%25d%29+traceFlag+%3D+%25d</msg>
  </evtMap>
  <evtMap key="ti.sdo.ipc.MessageQ.LM_alloc">
    <id>8782</id>
    <msg>LM_alloc%3A+Message+0x%25x+%28seqNum+%3D+%25d%2C+srcProc+%3D+%25d%29+was+allocated</msg>
  </evtMap>
  <evtMap key="ti.sdo.ipc.MessageQ.LM_staticMsgInit">
    <id>8847</id>
    <msg>LM_staticMsgInit%3A+Message+0x%25x+%28seqNum+%3D+%25d%2C+srcProc+%3D+%25d%29+was+set+in+MessageQ_staticMsgInit</msg>
  </evtMap>
  <evtMap key="ti.sdo.ipc.MessageQ.LM_free">
    <id>8940</id>
    <msg>LM_free%3A+Message+0x%25x+%28seqNum+%3D+%25d%2C+srcProc+%3D+%25d%29+was+freed</msg>
  </evtMap>
  <evtMap key="ti.sdo.ipc.MessageQ.LM_putLocal">
    <id>9000</id>
    <msg>LM_putLocal%3A+Message+0x%25x+%28seqNum+%3D+%25d%2C+srcProc+%3D+%25d%29+was+placed+onto+queue+0x%25x</msg>
  </evtMap>
  <evtMap key="ti.sdo.ipc.MessageQ.LM_putRemote">
    <id>9081</id>
    <msg>LM_putRemote%3A+Message+0x%25x+%28seqNum+%3D+%25d%2C+srcProc+%3D+%25d%29+was+given+to+processor+%25d+transport</msg>
  </evtMap>
  <evtMap key="ti.sdo.ipc.MessageQ.LM_rcvByTransport">
    <id>9172</id>
    <msg>LM_rcvByTransport%3A+Message+0x%25x+%28seqNum+%3D+%25d%2C+srcProc+%3D+%25d%29+was+received</msg>
  </evtMap>
  <evtMap key="ti.sdo.ipc.MessageQ.LM_get">
    <id>9245</id>
    <msg>LM_get%3A+Message+0x%25x+%28seqNum+%3D+%25d%2C+srcProc+%3D+%25d%29+was+received+by+queue+0x%25x</msg>
  </evtMap>
  <evtMap key="ti.sdo.ipc.gates.GateHWSpinlock.LM_enter">
    <id>9321</id>
    <msg>LM_enter%3A+Gate+%28lockNum+%3D+%25d%29+entered%2C+returning+key+%3D+%25d</msg>
  </evtMap>
  <evtMap key="ti.sdo.ipc.gates.GateHWSpinlock.LM_leave">
    <id>9379</id>
    <msg>LM_leave%3A+Gate+%28lockNum+%3D+%25d%29+left+using+key+%3D+%25d</msg>
  </evtMap>
  <evtMap key="ti.sdo.ipc.gates.GateHWSpinlock.LM_create">
    <id>9429</id>
    <msg>LM_create%3A+Gate+%28lockNum+%3D+%25d%29+created</msg>
  </evtMap>
  <evtMap key="ti.sdo.ipc.gates.GateHWSpinlock.LM_open">
    <id>9468</id>
    <msg>LM_open%3A+Remote+gate+%28lockNum+%3D+%25d%29+opened</msg>
  </evtMap>
  <evtMap key="ti.sdo.ipc.gates.GateHWSpinlock.LM_delete">
    <id>9511</id>
    <msg>LM_delete%3A+Gate+%28lockNum+%3D+%25d%29+deleted</msg>
  </evtMap>
  <evtMap key="ti.sdo.ipc.gates.GateHWSpinlock.LM_close">
    <id>9550</id>
    <msg>LM_close%3A+Gate+%28lockNum+%3D+%25d%29+closed</msg>
  </evtMap>
</xdc.runtime.Types.RtaDecoderData>
